PRAGMA foreign_keys=OFF;
BEGIN TRANSACTION;
CREATE TABLE categories
(
    category_id INTEGER PRIMARY KEY AUTOINCREMENT NOT NULL,
    category_name VARCHAR(50)  NOT NULL
);
INSERT INTO categories VALUES(1,'Мелкая бытовая техника');
INSERT INTO categories VALUES(2,'Компьютерная техника');
INSERT INTO categories VALUES(3,'Офис и канцелярия');
CREATE TABLE manufacturers
(
    manufacturer_id INTEGER PRIMARY KEY AUTOINCREMENT NOT NULL,
    manufacturer_name VARCHAR(255) NOT NULL
);
INSERT INTO manufacturers VALUES(1,'Greys');
INSERT INTO manufacturers VALUES(2,'Takasima');
INSERT INTO manufacturers VALUES(3,'Autostandart');
INSERT INTO manufacturers VALUES(4,'Aksion');
INSERT INTO manufacturers VALUES(5,'Avantree');
INSERT INTO manufacturers VALUES(6,'Hitachi');
INSERT INTO manufacturers VALUES(7,'Erisson');
INSERT INTO manufacturers VALUES(8,'Zimber');
INSERT INTO manufacturers VALUES(9,'Maman');
INSERT INTO manufacturers VALUES(10,'Elna');
INSERT INTO manufacturers VALUES(11,'AFOX');
INSERT INTO manufacturers VALUES(12,'Lee Stafford');
INSERT INTO manufacturers VALUES(13,'Defender');
INSERT INTO manufacturers VALUES(14,'Bannye Shtuchki');
INSERT INTO manufacturers VALUES(15,'OptiFit');
INSERT INTO manufacturers VALUES(16,'Revyline');
INSERT INTO manufacturers VALUES(17,'Ladomir');
INSERT INTO manufacturers VALUES(18,'Taurus');
INSERT INTO manufacturers VALUES(19,'Iiyama');
INSERT INTO manufacturers VALUES(20,'Agressor');
INSERT INTO manufacturers VALUES(21,'Mystery');
INSERT INTO manufacturers VALUES(22,'Clear Fit');
INSERT INTO manufacturers VALUES(23,'Creative');
INSERT INTO manufacturers VALUES(24,'Chieftec');
INSERT INTO manufacturers VALUES(25,'Gemlux');
INSERT INTO manufacturers VALUES(26,'Mophie');
INSERT INTO manufacturers VALUES(27,'LevelOne');
INSERT INTO manufacturers VALUES(28,'WMF');
INSERT INTO manufacturers VALUES(29,'Saturn');
INSERT INTO manufacturers VALUES(30,'Havit');
INSERT INTO manufacturers VALUES(31,'Braun');
INSERT INTO manufacturers VALUES(32,'A&D');
INSERT INTO manufacturers VALUES(33,'DigiCare');
INSERT INTO manufacturers VALUES(34,'Formula');
INSERT INTO manufacturers VALUES(35,'Rhythm');
INSERT INTO manufacturers VALUES(36,'ECOLUN');
INSERT INTO manufacturers VALUES(37,'Hikvision');
INSERT INTO manufacturers VALUES(38,'Little Doctor');
INSERT INTO manufacturers VALUES(39,'Barrier');
INSERT INTO manufacturers VALUES(40,'Hotter');
INSERT INTO manufacturers VALUES(41,'Samurai');
INSERT INTO manufacturers VALUES(42,'Pango');
INSERT INTO manufacturers VALUES(43,'Everest');
INSERT INTO manufacturers VALUES(44,'Haier');
INSERT INTO manufacturers VALUES(45,'Aquakit');
INSERT INTO manufacturers VALUES(46,'Inno3D');
INSERT INTO manufacturers VALUES(47,'STM');
INSERT INTO manufacturers VALUES(48,'Orion');
INSERT INTO manufacturers VALUES(49,'Bravo');
INSERT INTO manufacturers VALUES(50,'Aeotec');
INSERT INTO manufacturers VALUES(51,'Scab');
INSERT INTO manufacturers VALUES(52,'Bremed');
INSERT INTO manufacturers VALUES(53,'Tiemme');
INSERT INTO manufacturers VALUES(54,'RawMid');
INSERT INTO manufacturers VALUES(55,'Ogawa');
INSERT INTO manufacturers VALUES(56,'Gam');
INSERT INTO manufacturers VALUES(57,'RF Elements');
INSERT INTO manufacturers VALUES(58,'Redmond');
INSERT INTO manufacturers VALUES(59,'CBR');
INSERT INTO manufacturers VALUES(60,'ZOTAC');
INSERT INTO manufacturers VALUES(61,'Weber');
INSERT INTO manufacturers VALUES(62,'Prestigio');
INSERT INTO manufacturers VALUES(63,'Vontron');
INSERT INTO manufacturers VALUES(64,'Continent');
INSERT INTO manufacturers VALUES(65,'ITAP');
INSERT INTO manufacturers VALUES(66,'Whirlpool');
INSERT INTO manufacturers VALUES(67,'KIA');
INSERT INTO manufacturers VALUES(68,'Dobrynia');
INSERT INTO manufacturers VALUES(69,'ECOVACS');
INSERT INTO manufacturers VALUES(70,'iClebo');
INSERT INTO manufacturers VALUES(71,'LiteOn');
INSERT INTO manufacturers VALUES(72,'IDEAL');
INSERT INTO manufacturers VALUES(73,'AstraLux');
INSERT INTO manufacturers VALUES(74,'WD');
INSERT INTO manufacturers VALUES(75,'Brabantia');
INSERT INTO manufacturers VALUES(76,'Juravinka');
INSERT INTO manufacturers VALUES(77,'Lexand');
INSERT INTO manufacturers VALUES(78,'Artel');
INSERT INTO manufacturers VALUES(79,'Centek');
INSERT INTO manufacturers VALUES(80,'Zinger');
INSERT INTO manufacturers VALUES(81,'Mikma');
INSERT INTO manufacturers VALUES(82,'Gainward');
INSERT INTO manufacturers VALUES(83,'Comfort Vapo');
INSERT INTO manufacturers VALUES(84,'Faber-Castell');
INSERT INTO manufacturers VALUES(85,'Teka');
INSERT INTO manufacturers VALUES(86,'Veterok');
INSERT INTO manufacturers VALUES(87,'WOPOW');
INSERT INTO manufacturers VALUES(88,'KFA2');
INSERT INTO manufacturers VALUES(89,'Ekspedicia');
INSERT INTO manufacturers VALUES(90,'Kelli');
INSERT INTO manufacturers VALUES(91,'Pineng');
INSERT INTO manufacturers VALUES(92,'Yoobao');
INSERT INTO manufacturers VALUES(93,'Toshiba');
INSERT INTO manufacturers VALUES(94,'MAXIMA');
INSERT INTO manufacturers VALUES(95,'Pfaff');
INSERT INTO manufacturers VALUES(96,'MerryLock');
INSERT INTO manufacturers VALUES(97,'Newline');
INSERT INTO manufacturers VALUES(98,'Nika');
INSERT INTO manufacturers VALUES(99,'Pari');
INSERT INTO manufacturers VALUES(100,'Noctua');
INSERT INTO manufacturers VALUES(101,'DrayTek');
INSERT INTO manufacturers VALUES(102,'InterStep');
INSERT INTO manufacturers VALUES(103,'Fellowes');
INSERT INTO manufacturers VALUES(104,'Makita');
INSERT INTO manufacturers VALUES(105,'HP');
INSERT INTO manufacturers VALUES(106,'Polti');
INSERT INTO manufacturers VALUES(107,'Velecta Paramount');
INSERT INTO manufacturers VALUES(108,'Laica');
INSERT INTO manufacturers VALUES(109,'Feya');
INSERT INTO manufacturers VALUES(110,'Sapphire');
INSERT INTO manufacturers VALUES(111,'Megeon');
INSERT INTO manufacturers VALUES(112,'HIS');
INSERT INTO manufacturers VALUES(113,'Husqvarna');
INSERT INTO manufacturers VALUES(114,'Apacer');
INSERT INTO manufacturers VALUES(115,'Neptun');
INSERT INTO manufacturers VALUES(116,'MAUNFELD');
INSERT INTO manufacturers VALUES(117,'Neovo');
INSERT INTO manufacturers VALUES(118,'Huawei');
INSERT INTO manufacturers VALUES(119,'Garden Show');
INSERT INTO manufacturers VALUES(120,'3Cott');
INSERT INTO manufacturers VALUES(121,'Accu-Chek');
INSERT INTO manufacturers VALUES(122,'Richter');
INSERT INTO manufacturers VALUES(123,'Izumi');
INSERT INTO manufacturers VALUES(124,'Eltron');
INSERT INTO manufacturers VALUES(125,'DeWALT');
INSERT INTO manufacturers VALUES(126,'Elgato');
INSERT INTO manufacturers VALUES(127,'Cimberio');
INSERT INTO manufacturers VALUES(128,'Patriot');
INSERT INTO manufacturers VALUES(129,'RedVerg');
INSERT INTO manufacturers VALUES(130,'Garin');
INSERT INTO manufacturers VALUES(131,'Uniel');
INSERT INTO manufacturers VALUES(132,'Vigor');
INSERT INTO manufacturers VALUES(133,'Bialetti');
INSERT INTO manufacturers VALUES(134,'Amrus');
INSERT INTO manufacturers VALUES(135,'Runco');
INSERT INTO manufacturers VALUES(136,'Ecodoctor');
INSERT INTO manufacturers VALUES(137,'SanDisk');
INSERT INTO manufacturers VALUES(138,'Oka');
INSERT INTO manufacturers VALUES(139,'Remington');
INSERT INTO manufacturers VALUES(140,'ROTOR');
INSERT INTO manufacturers VALUES(141,'XFX');
INSERT INTO manufacturers VALUES(142,'Bellissima');
INSERT INTO manufacturers VALUES(143,'Zwilling J.A. Henckels');
INSERT INTO manufacturers VALUES(144,'Cuckoo');
INSERT INTO manufacturers VALUES(145,'DFC');
INSERT INTO manufacturers VALUES(146,'Sirman');
INSERT INTO manufacturers VALUES(147,'Netis');
INSERT INTO manufacturers VALUES(148,'Powercase');
INSERT INTO manufacturers VALUES(149,'PortCase');
INSERT INTO manufacturers VALUES(150,'Canyon');
INSERT INTO manufacturers VALUES(151,'Fractal Design');
INSERT INTO manufacturers VALUES(152,'Shop-Vac');
INSERT INTO manufacturers VALUES(153,'Gelberk');
INSERT INTO manufacturers VALUES(154,'Omron');
INSERT INTO manufacturers VALUES(155,'Chudesnitsa');
INSERT INTO manufacturers VALUES(156,'Kharkov');
INSERT INTO manufacturers VALUES(157,'SmartBuy');
INSERT INTO manufacturers VALUES(158,'Deppa');
INSERT INTO manufacturers VALUES(159,'MANGO');
INSERT INTO manufacturers VALUES(160,'Cooler Master');
INSERT INTO manufacturers VALUES(161,'Macap');
INSERT INTO manufacturers VALUES(162,'US Medica');
INSERT INTO manufacturers VALUES(163,'SoundTronix');
INSERT INTO manufacturers VALUES(164,'King Mix');
INSERT INTO manufacturers VALUES(165,'Garmin');
INSERT INTO manufacturers VALUES(166,'BenQ');
INSERT INTO manufacturers VALUES(167,'iRobot');
INSERT INTO manufacturers VALUES(168,'Atomic');
INSERT INTO manufacturers VALUES(169,'LUMME');
INSERT INTO manufacturers VALUES(170,'Howard Miller');
INSERT INTO manufacturers VALUES(171,'Connex');
INSERT INTO manufacturers VALUES(172,'Attribute');
INSERT INTO manufacturers VALUES(173,'Kumtel');
INSERT INTO manufacturers VALUES(174,'Ginzzu');
INSERT INTO manufacturers VALUES(175,'OLTO');
INSERT INTO manufacturers VALUES(176,'Brand');
INSERT INTO manufacturers VALUES(177,'Dyson');
INSERT INTO manufacturers VALUES(178,'BXG');
INSERT INTO manufacturers VALUES(179,'VES');
INSERT INTO manufacturers VALUES(180,'Bresko');
INSERT INTO manufacturers VALUES(181,'Liana');
INSERT INTO manufacturers VALUES(182,'Stadler Form');
INSERT INTO manufacturers VALUES(183,'EGE');
INSERT INTO manufacturers VALUES(184,'Hama');
INSERT INTO manufacturers VALUES(185,'Bestway');
INSERT INTO manufacturers VALUES(186,'Transcend');
INSERT INTO manufacturers VALUES(187,'G-Plate');
INSERT INTO manufacturers VALUES(188,'Contento');
INSERT INTO manufacturers VALUES(189,'Rewwel');
INSERT INTO manufacturers VALUES(190,'Jata');
INSERT INTO manufacturers VALUES(191,'Fujitsu');
INSERT INTO manufacturers VALUES(192,'Laretti');
INSERT INTO manufacturers VALUES(193,'Beckers');
INSERT INTO manufacturers VALUES(194,'MikroTik');
INSERT INTO manufacturers VALUES(195,'Thule');
INSERT INTO manufacturers VALUES(196,'Alca');
INSERT INTO manufacturers VALUES(197,'Robot-Coupe');
INSERT INTO manufacturers VALUES(198,'Upvel');
INSERT INTO manufacturers VALUES(199,'Alfa');
INSERT INTO manufacturers VALUES(200,'Powerpod');
INSERT INTO manufacturers VALUES(201,'Eolo');
INSERT INTO manufacturers VALUES(202,'Artway');
INSERT INTO manufacturers VALUES(203,'Ego');
INSERT INTO manufacturers VALUES(204,'Thermaltake');
INSERT INTO manufacturers VALUES(205,'Pullman');
INSERT INTO manufacturers VALUES(206,'Joseph Joseph');
INSERT INTO manufacturers VALUES(207,'Bradex');
INSERT INTO manufacturers VALUES(208,'Cuchen');
INSERT INTO manufacturers VALUES(209,'Babymoov');
INSERT INTO manufacturers VALUES(210,'Ellrona');
INSERT INTO manufacturers VALUES(211,'RAIFIL');
INSERT INTO manufacturers VALUES(212,'Uni-Fitt');
INSERT INTO manufacturers VALUES(213,'BeeWi');
INSERT INTO manufacturers VALUES(214,'Alessi');
INSERT INTO manufacturers VALUES(215,'Allied Telesis');
INSERT INTO manufacturers VALUES(216,'Rondell');
INSERT INTO manufacturers VALUES(217,'Lepse');
INSERT INTO manufacturers VALUES(218,'Rotel');
INSERT INTO manufacturers VALUES(219,'Native Union');
INSERT INTO manufacturers VALUES(220,'Nemox');
INSERT INTO manufacturers VALUES(221,'Codegen');
INSERT INTO manufacturers VALUES(222,'Alcatel');
INSERT INTO manufacturers VALUES(223,'Briz');
INSERT INTO manufacturers VALUES(224,'Wesco');
INSERT INTO manufacturers VALUES(225,'Harizma');
INSERT INTO manufacturers VALUES(226,'Willmark');
INSERT INTO manufacturers VALUES(227,'Black Fox');
INSERT INTO manufacturers VALUES(228,'Aurora');
INSERT INTO manufacturers VALUES(229,'Supermicro');
INSERT INTO manufacturers VALUES(230,'AgeStar');
INSERT INTO manufacturers VALUES(231,'Bodykraft');
INSERT INTO manufacturers VALUES(232,'Aresa');
INSERT INTO manufacturers VALUES(233,'Hitt');
INSERT INTO manufacturers VALUES(234,'Noiseblocker');
INSERT INTO manufacturers VALUES(235,'Waytronic');
INSERT INTO manufacturers VALUES(236,'Morphy Richards');
INSERT INTO manufacturers VALUES(237,'Hahnel');
INSERT INTO manufacturers VALUES(238,'Little Balance');
INSERT INTO manufacturers VALUES(239,'Krausen');
INSERT INTO manufacturers VALUES(240,'Black&Decker');
INSERT INTO manufacturers VALUES(241,'iRest');
INSERT INTO manufacturers VALUES(242,'Element');
INSERT INTO manufacturers VALUES(243,'BVItech');
INSERT INTO manufacturers VALUES(244,'Atlas Filtri');
INSERT INTO manufacturers VALUES(245,'Salut');
INSERT INTO manufacturers VALUES(246,'Moleskine');
INSERT INTO manufacturers VALUES(247,'ErgoPower');
INSERT INTO manufacturers VALUES(248,'BayerHoff');
INSERT INTO manufacturers VALUES(249,'Sony');
INSERT INTO manufacturers VALUES(250,'Sinbo');
INSERT INTO manufacturers VALUES(251,'Sakura');
INSERT INTO manufacturers VALUES(252,'Briel');
INSERT INTO manufacturers VALUES(253,'Profi Cook');
INSERT INTO manufacturers VALUES(254,'Optima');
INSERT INTO manufacturers VALUES(255,'ALMAZ');
INSERT INTO manufacturers VALUES(256,'Fiorenzato');
INSERT INTO manufacturers VALUES(257,'Lowell');
INSERT INTO manufacturers VALUES(258,'Schaub Lorenz');
INSERT INTO manufacturers VALUES(259,'Sofia');
INSERT INTO manufacturers VALUES(260,'EVGA');
INSERT INTO manufacturers VALUES(261,'X-Flash');
INSERT INTO manufacturers VALUES(262,'Vileda');
INSERT INTO manufacturers VALUES(263,'Siemens');
INSERT INTO manufacturers VALUES(264,'Krups');
INSERT INTO manufacturers VALUES(265,'Ermila');
INSERT INTO manufacturers VALUES(266,'Eizo');
INSERT INTO manufacturers VALUES(267,'Hammer');
INSERT INTO manufacturers VALUES(268,'OTO');
INSERT INTO manufacturers VALUES(269,'Gefest');
INSERT INTO manufacturers VALUES(270,'Breville');
INSERT INTO manufacturers VALUES(271,'Boutique-S');
INSERT INTO manufacturers VALUES(272,'Triada');
INSERT INTO manufacturers VALUES(273,'Good Helper');
INSERT INTO manufacturers VALUES(274,'Sumdex');
INSERT INTO manufacturers VALUES(275,'Gembird');
INSERT INTO manufacturers VALUES(276,'Arredamenti');
INSERT INTO manufacturers VALUES(277,'Leifheit');
INSERT INTO manufacturers VALUES(278,'JetA');
INSERT INTO manufacturers VALUES(279,'Lubby');
INSERT INTO manufacturers VALUES(280,'Vitek');
INSERT INTO manufacturers VALUES(281,'TouchBeauty');
INSERT INTO manufacturers VALUES(282,'BERTI');
INSERT INTO manufacturers VALUES(283,'Becker');
INSERT INTO manufacturers VALUES(284,'Totolink');
INSERT INTO manufacturers VALUES(285,'Hairway');
INSERT INTO manufacturers VALUES(286,'Gino');
INSERT INTO manufacturers VALUES(287,'Orico');
INSERT INTO manufacturers VALUES(288,'ARK');
INSERT INTO manufacturers VALUES(289,'Ksitex');
INSERT INTO manufacturers VALUES(290,'Awei');
INSERT INTO manufacturers VALUES(291,'LaCie');
INSERT INTO manufacturers VALUES(292,'First');
INSERT INTO manufacturers VALUES(293,'Transtek');
INSERT INTO manufacturers VALUES(294,'Shivaki');
INSERT INTO manufacturers VALUES(295,'Novis');
INSERT INTO manufacturers VALUES(296,'TESCOMA');
INSERT INTO manufacturers VALUES(297,'SilverStone');
INSERT INTO manufacturers VALUES(298,'Sterlingg');
INSERT INTO manufacturers VALUES(299,'SOEHNLE');
INSERT INTO manufacturers VALUES(300,'Jeelex');
INSERT INTO manufacturers VALUES(301,'Omega');
INSERT INTO manufacturers VALUES(302,'Hyundai');
INSERT INTO manufacturers VALUES(303,'KS-is');
INSERT INTO manufacturers VALUES(304,'Amkodor-Belvar');
INSERT INTO manufacturers VALUES(305,'PowerColor');
INSERT INTO manufacturers VALUES(306,'Eltex');
INSERT INTO manufacturers VALUES(307,'Eksi');
INSERT INTO manufacturers VALUES(308,'Hottek');
INSERT INTO manufacturers VALUES(309,'ElinaStar');
INSERT INTO manufacturers VALUES(310,'Leader');
INSERT INTO manufacturers VALUES(311,'Be quiet');
INSERT INTO manufacturers VALUES(312,'D-Link');
INSERT INTO manufacturers VALUES(313,'Luxell');
INSERT INTO manufacturers VALUES(314,'Sanitas');
INSERT INTO manufacturers VALUES(315,'Ergolux');
INSERT INTO manufacturers VALUES(316,'Krampouz');
INSERT INTO manufacturers VALUES(317,'Kromax');
INSERT INTO manufacturers VALUES(318,'Technika');
INSERT INTO manufacturers VALUES(319,'Aqua-Jet');
INSERT INTO manufacturers VALUES(320,'Neato');
INSERT INTO manufacturers VALUES(321,'Hipro');
INSERT INTO manufacturers VALUES(322,'BRITA');
INSERT INTO manufacturers VALUES(323,'Zalger');
INSERT INTO manufacturers VALUES(324,'Philips');
INSERT INTO manufacturers VALUES(325,'MSI');
INSERT INTO manufacturers VALUES(326,'ASUSTOR');
INSERT INTO manufacturers VALUES(327,'Gastromix');
INSERT INTO manufacturers VALUES(328,'Navan');
INSERT INTO manufacturers VALUES(329,'Astoria');
INSERT INTO manufacturers VALUES(330,'SWF');
INSERT INTO manufacturers VALUES(331,'GEZAtone');
INSERT INTO manufacturers VALUES(332,'AccesStyle');
INSERT INTO manufacturers VALUES(333,'Francis Francis');
INSERT INTO manufacturers VALUES(334,'Merlin');
INSERT INTO manufacturers VALUES(335,'BergHOFF');
INSERT INTO manufacturers VALUES(336,'Starmix');
INSERT INTO manufacturers VALUES(337,'Zojirushi');
INSERT INTO manufacturers VALUES(338,'Imetec');
INSERT INTO manufacturers VALUES(339,'cRadia');
INSERT INTO manufacturers VALUES(340,'Top House');
INSERT INTO manufacturers VALUES(341,'Cleanfix');
INSERT INTO manufacturers VALUES(342,'Minerva');
INSERT INTO manufacturers VALUES(343,'Mechta');
INSERT INTO manufacturers VALUES(344,'Tribest');
INSERT INTO manufacturers VALUES(345,'AOC');
INSERT INTO manufacturers VALUES(346,'Super Flower');
INSERT INTO manufacturers VALUES(347,'Tucano');
INSERT INTO manufacturers VALUES(348,'Nozomi');
INSERT INTO manufacturers VALUES(349,'Acer');
INSERT INTO manufacturers VALUES(350,'Smile');
INSERT INTO manufacturers VALUES(351,'MOXA');
INSERT INTO manufacturers VALUES(352,'Moulinex');
INSERT INTO manufacturers VALUES(353,'Bugatti');
INSERT INTO manufacturers VALUES(354,'WAECO');
INSERT INTO manufacturers VALUES(355,'Scholl');
INSERT INTO manufacturers VALUES(356,'Crown');
INSERT INTO manufacturers VALUES(357,'Korting');
INSERT INTO manufacturers VALUES(358,'Termozeta');
INSERT INTO manufacturers VALUES(359,'AudioQuest');
INSERT INTO manufacturers VALUES(360,'Cunill');
INSERT INTO manufacturers VALUES(361,'Ezidri');
INSERT INTO manufacturers VALUES(362,'Calve');
INSERT INTO manufacturers VALUES(363,'VALTEC');
INSERT INTO manufacturers VALUES(364,'Spektr-Pribor');
INSERT INTO manufacturers VALUES(365,'Ysbao');
INSERT INTO manufacturers VALUES(366,'KitchenAid');
INSERT INTO manufacturers VALUES(367,'Aquaphor');
INSERT INTO manufacturers VALUES(368,'Gaggia');
INSERT INTO manufacturers VALUES(369,'Spidem');
INSERT INTO manufacturers VALUES(370,'Comfort');
INSERT INTO manufacturers VALUES(371,'BWT');
INSERT INTO manufacturers VALUES(372,'AcmePower');
INSERT INTO manufacturers VALUES(373,'Kenwood');
INSERT INTO manufacturers VALUES(374,'Kingmax');
INSERT INTO manufacturers VALUES(375,'Synology');
INSERT INTO manufacturers VALUES(376,'GlacialTech');
INSERT INTO manufacturers VALUES(377,'Team Group');
INSERT INTO manufacturers VALUES(378,'Janome');
INSERT INTO manufacturers VALUES(379,'Brig Plus');
INSERT INTO manufacturers VALUES(380,'Home-Element');
INSERT INTO manufacturers VALUES(381,'EnGenius');
INSERT INTO manufacturers VALUES(382,'IBM');
INSERT INTO manufacturers VALUES(383,'Colombo');
INSERT INTO manufacturers VALUES(384,'Blaze');
INSERT INTO manufacturers VALUES(385,'Pininfarina');
INSERT INTO manufacturers VALUES(386,'ExeGate');
INSERT INTO manufacturers VALUES(387,'Tanita');
INSERT INTO manufacturers VALUES(388,'UNIPUMP');
INSERT INTO manufacturers VALUES(389,'Rombica');
INSERT INTO manufacturers VALUES(390,'DUX');
INSERT INTO manufacturers VALUES(391,'NEC');
INSERT INTO manufacturers VALUES(392,'Fujiiryoki');
INSERT INTO manufacturers VALUES(393,'ITA Filter');
INSERT INTO manufacturers VALUES(394,'Bartscher');
INSERT INTO manufacturers VALUES(395,'AVS');
INSERT INTO manufacturers VALUES(396,'Candeon');
INSERT INTO manufacturers VALUES(397,'Balio');
INSERT INTO manufacturers VALUES(398,'AquaPro');
INSERT INTO manufacturers VALUES(399,'AEG');
INSERT INTO manufacturers VALUES(400,'Silk’n');
INSERT INTO manufacturers VALUES(401,'Besser Vacuum');
INSERT INTO manufacturers VALUES(402,'Helfer');
INSERT INTO manufacturers VALUES(403,'Jura');
INSERT INTO manufacturers VALUES(404,'Micron');
INSERT INTO manufacturers VALUES(405,'Sititek');
INSERT INTO manufacturers VALUES(406,'Colorful');
INSERT INTO manufacturers VALUES(407,'31 Vek');
INSERT INTO manufacturers VALUES(408,'Princess');
INSERT INTO manufacturers VALUES(409,'Kachok');
INSERT INTO manufacturers VALUES(410,'BabyOno');
INSERT INTO manufacturers VALUES(411,'Art Moon');
INSERT INTO manufacturers VALUES(412,'Hoco');
INSERT INTO manufacturers VALUES(413,'Excalibur');
INSERT INTO manufacturers VALUES(414,'Framar');
INSERT INTO manufacturers VALUES(415,'Ergonova');
INSERT INTO manufacturers VALUES(416,'Hotpoint-Ariston');
INSERT INTO manufacturers VALUES(417,'Irit');
INSERT INTO manufacturers VALUES(418,'Thecus');
INSERT INTO manufacturers VALUES(419,'GMC');
INSERT INTO manufacturers VALUES(420,'Kaffitcom');
INSERT INTO manufacturers VALUES(421,'GA.MA');
INSERT INTO manufacturers VALUES(422,'Miniland');
INSERT INTO manufacturers VALUES(423,'STATUS');
INSERT INTO manufacturers VALUES(424,'TFA');
INSERT INTO manufacturers VALUES(425,'CACTUS');
INSERT INTO manufacturers VALUES(426,'Electrolux');
INSERT INTO manufacturers VALUES(427,'Vitesse');
INSERT INTO manufacturers VALUES(428,'Aruba');
INSERT INTO manufacturers VALUES(429,'Supra');
INSERT INTO manufacturers VALUES(430,'Katadyn');
INSERT INTO manufacturers VALUES(431,'FSP');
INSERT INTO manufacturers VALUES(432,'Lex');
INSERT INTO manufacturers VALUES(433,'Delta');
INSERT INTO manufacturers VALUES(434,'Oregon');
INSERT INTO manufacturers VALUES(435,'Pantech');
INSERT INTO manufacturers VALUES(436,'Phantom');
INSERT INTO manufacturers VALUES(437,'Yamaguchi');
INSERT INTO manufacturers VALUES(438,'Crumpler');
INSERT INTO manufacturers VALUES(439,'Antex');
INSERT INTO manufacturers VALUES(440,'Case Logic');
INSERT INTO manufacturers VALUES(441,'Souz');
INSERT INTO manufacturers VALUES(442,'Gimi');
INSERT INTO manufacturers VALUES(443,'Star Expo');
INSERT INTO manufacturers VALUES(444,'Thomas');
INSERT INTO manufacturers VALUES(445,'Viconte');
INSERT INTO manufacturers VALUES(446,'Paderno');
INSERT INTO manufacturers VALUES(447,'HANSUN');
INSERT INTO manufacturers VALUES(448,'FIBARO');
INSERT INTO manufacturers VALUES(449,'Frankford Arsenal');
INSERT INTO manufacturers VALUES(450,'Galanz');
INSERT INTO manufacturers VALUES(451,'Kingston');
INSERT INTO manufacturers VALUES(452,'Accord');
INSERT INTO manufacturers VALUES(453,'Clatronic');
INSERT INTO manufacturers VALUES(454,'DEXP');
INSERT INTO manufacturers VALUES(455,'Mayer & Boch');
INSERT INTO manufacturers VALUES(456,'Arkray');
INSERT INTO manufacturers VALUES(457,'Sven');
INSERT INTO manufacturers VALUES(458,'Winner');
INSERT INTO manufacturers VALUES(459,'Mec');
INSERT INTO manufacturers VALUES(460,'Heyner');
INSERT INTO manufacturers VALUES(461,'Ramili');
INSERT INTO manufacturers VALUES(462,'Dragonfly');
INSERT INTO manufacturers VALUES(463,'Atesy');
INSERT INTO manufacturers VALUES(464,'Trust');
INSERT INTO manufacturers VALUES(465,'Berdsk');
INSERT INTO manufacturers VALUES(466,'Casada');
INSERT INTO manufacturers VALUES(467,'UST-M');
INSERT INTO manufacturers VALUES(468,'Bayer');
INSERT INTO manufacturers VALUES(469,'Wahoo');
INSERT INTO manufacturers VALUES(470,'C-Media');
INSERT INTO manufacturers VALUES(471,'Unit');
INSERT INTO manufacturers VALUES(472,'Ryobi');
INSERT INTO manufacturers VALUES(473,'Valera');
INSERT INTO manufacturers VALUES(474,'Gastrorag');
INSERT INTO manufacturers VALUES(475,'Berkut');
INSERT INTO manufacturers VALUES(476,'Fiesta');
INSERT INTO manufacturers VALUES(477,'Easy Touch');
INSERT INTO manufacturers VALUES(478,'CRYORIG');
INSERT INTO manufacturers VALUES(479,'Elekta');
INSERT INTO manufacturers VALUES(480,'Janeke');
INSERT INTO manufacturers VALUES(481,'Sonoff');
INSERT INTO manufacturers VALUES(482,'StarWind');
INSERT INTO manufacturers VALUES(483,'Zauber');
INSERT INTO manufacturers VALUES(484,'Kaiser');
INSERT INTO manufacturers VALUES(485,'AL-KO');
INSERT INTO manufacturers VALUES(486,'Wivat');
INSERT INTO manufacturers VALUES(487,'Kocateq');
INSERT INTO manufacturers VALUES(488,'Mikhail Moskvin');
INSERT INTO manufacturers VALUES(489,'Artero');
INSERT INTO manufacturers VALUES(490,'RedLine');
INSERT INTO manufacturers VALUES(491,'DoCut');
INSERT INTO manufacturers VALUES(492,'Jacob Jensen');
INSERT INTO manufacturers VALUES(493,'PQI');
INSERT INTO manufacturers VALUES(494,'e.Zicom');
INSERT INTO manufacturers VALUES(495,'Lian Li');
INSERT INTO manufacturers VALUES(496,'Clever&Clean');
INSERT INTO manufacturers VALUES(497,'Hausmann');
INSERT INTO manufacturers VALUES(498,'Tefal');
INSERT INTO manufacturers VALUES(499,'Meizu');
INSERT INTO manufacturers VALUES(500,'ZyXel');
INSERT INTO manufacturers VALUES(501,'Bomann');
INSERT INTO manufacturers VALUES(502,'Nilfisk');
INSERT INTO manufacturers VALUES(503,'Einhell');
INSERT INTO manufacturers VALUES(504,'Buro');
INSERT INTO manufacturers VALUES(505,'EDIMAX');
INSERT INTO manufacturers VALUES(506,'Midea');
INSERT INTO manufacturers VALUES(507,'Jaguar');
INSERT INTO manufacturers VALUES(508,'Carrin');
INSERT INTO manufacturers VALUES(509,'Toyota');
INSERT INTO manufacturers VALUES(510,'Caso');
INSERT INTO manufacturers VALUES(511,'Hapica');
INSERT INTO manufacturers VALUES(512,'Aquafilter');
INSERT INTO manufacturers VALUES(513,'GFGRIL');
INSERT INTO manufacturers VALUES(514,'Hurom');
INSERT INTO manufacturers VALUES(515,'PROMO');
INSERT INTO manufacturers VALUES(516,'Targus');
INSERT INTO manufacturers VALUES(517,'SPARKY');
INSERT INTO manufacturers VALUES(518,'Gejzer');
INSERT INTO manufacturers VALUES(519,'Redber');
INSERT INTO manufacturers VALUES(520,'SANA');
INSERT INTO manufacturers VALUES(521,'Winard');
INSERT INTO manufacturers VALUES(522,'Nobby');
INSERT INTO manufacturers VALUES(523,'Lepow');
INSERT INTO manufacturers VALUES(524,'Bosch');
INSERT INTO manufacturers VALUES(525,'ELIS');
INSERT INTO manufacturers VALUES(526,'Enkor');
INSERT INTO manufacturers VALUES(527,'GP');
INSERT INTO manufacturers VALUES(528,'Schaerer');
INSERT INTO manufacturers VALUES(529,'Luazon');
INSERT INTO manufacturers VALUES(530,'Lenovo');
INSERT INTO manufacturers VALUES(531,'RBM');
INSERT INTO manufacturers VALUES(532,'Port Designs');
INSERT INTO manufacturers VALUES(533,'Foppapedretti');
INSERT INTO manufacturers VALUES(534,'Seagate');
INSERT INTO manufacturers VALUES(535,'Apach');
INSERT INTO manufacturers VALUES(536,'Multydom');
INSERT INTO manufacturers VALUES(537,'Candy');
INSERT INTO manufacturers VALUES(538,'Kristal');
INSERT INTO manufacturers VALUES(539,'Auzer');
INSERT INTO manufacturers VALUES(540,'Ritmix');
INSERT INTO manufacturers VALUES(541,'PowerCool');
INSERT INTO manufacturers VALUES(542,'BBK');
INSERT INTO manufacturers VALUES(543,'Ester Plus');
INSERT INTO manufacturers VALUES(544,'TG-NET');
INSERT INTO manufacturers VALUES(545,'PC PET');
INSERT INTO manufacturers VALUES(546,'Atlanta');
INSERT INTO manufacturers VALUES(547,'Lavor Pro');
INSERT INTO manufacturers VALUES(548,'Verbatim');
INSERT INTO manufacturers VALUES(549,'OCZ');
INSERT INTO manufacturers VALUES(550,'Ardin');
INSERT INTO manufacturers VALUES(551,'Curaprox');
INSERT INTO manufacturers VALUES(552,'Oskar');
INSERT INTO manufacturers VALUES(553,'Mitsumaru');
INSERT INTO manufacturers VALUES(554,'Gutrend');
INSERT INTO manufacturers VALUES(555,'NZXT');
INSERT INTO manufacturers VALUES(556,'DFunc');
INSERT INTO manufacturers VALUES(557,'JARKOFF');
INSERT INTO manufacturers VALUES(558,'Meditech');
INSERT INTO manufacturers VALUES(559,'UAG');
INSERT INTO manufacturers VALUES(560,'Dicota');
INSERT INTO manufacturers VALUES(561,'Hoffman');
INSERT INTO manufacturers VALUES(562,'Orient');
INSERT INTO manufacturers VALUES(563,'Nescafe');
INSERT INTO manufacturers VALUES(564,'Davis');
INSERT INTO manufacturers VALUES(565,'Miracase');
INSERT INTO manufacturers VALUES(566,'MAG');
INSERT INTO manufacturers VALUES(567,'ATP');
INSERT INTO manufacturers VALUES(568,'TMB');
INSERT INTO manufacturers VALUES(569,'Octavo');
INSERT INTO manufacturers VALUES(570,'Eurostek');
INSERT INTO manufacturers VALUES(571,'JOHNSON');
INSERT INTO manufacturers VALUES(572,'Bieffe');
INSERT INTO manufacturers VALUES(573,'LSI');
INSERT INTO manufacturers VALUES(574,'Celestron');
INSERT INTO manufacturers VALUES(575,'Celme');
INSERT INTO manufacturers VALUES(576,'Veet');
INSERT INTO manufacturers VALUES(577,'OLMIO');
INSERT INTO manufacturers VALUES(578,'Greenis');
INSERT INTO manufacturers VALUES(579,'Nivona');
INSERT INTO manufacturers VALUES(580,'Faema');
INSERT INTO manufacturers VALUES(581,'Jeanselit');
INSERT INTO manufacturers VALUES(582,'Meteo Guide');
INSERT INTO manufacturers VALUES(583,'Omoikiri');
INSERT INTO manufacturers VALUES(584,'Cisco');
INSERT INTO manufacturers VALUES(585,'Packard Bell');
INSERT INTO manufacturers VALUES(586,'Sport Elite');
INSERT INTO manufacturers VALUES(587,'LAMARK');
INSERT INTO manufacturers VALUES(588,'BEON');
INSERT INTO manufacturers VALUES(589,'Ghibli');
INSERT INTO manufacturers VALUES(590,'Carrera');
INSERT INTO manufacturers VALUES(591,'Dogrular');
INSERT INTO manufacturers VALUES(592,'Termolux');
INSERT INTO manufacturers VALUES(593,'TP-LINK');
INSERT INTO manufacturers VALUES(594,'Smart Bird');
INSERT INTO manufacturers VALUES(595,'Rolsen');
INSERT INTO manufacturers VALUES(596,'TURMIX');
INSERT INTO manufacturers VALUES(597,'Fimar');
INSERT INTO manufacturers VALUES(598,'Rio');
INSERT INTO manufacturers VALUES(599,'Rapala');
INSERT INTO manufacturers VALUES(600,'Hoox');
INSERT INTO manufacturers VALUES(601,'Fixsen');
INSERT INTO manufacturers VALUES(602,'Metalnova');
INSERT INTO manufacturers VALUES(603,'Solis');
INSERT INTO manufacturers VALUES(604,'Rowenta');
INSERT INTO manufacturers VALUES(605,'Motorola');
INSERT INTO manufacturers VALUES(606,'OK');
INSERT INTO manufacturers VALUES(607,'Speed Dragon');
INSERT INTO manufacturers VALUES(608,'Silter');
INSERT INTO manufacturers VALUES(609,'Prym');
INSERT INTO manufacturers VALUES(610,'CEM');
INSERT INTO manufacturers VALUES(611,'A-Data');
INSERT INTO manufacturers VALUES(612,'Alcom');
INSERT INTO manufacturers VALUES(613,'KITFORT');
INSERT INTO manufacturers VALUES(614,'Remax');
INSERT INTO manufacturers VALUES(615,'Deepcool');
INSERT INTO manufacturers VALUES(616,'Molgato');
INSERT INTO manufacturers VALUES(617,'Defort');
INSERT INTO manufacturers VALUES(618,'ACME');
INSERT INTO manufacturers VALUES(619,'Ryzhij Kot');
INSERT INTO manufacturers VALUES(620,'Cremesso');
INSERT INTO manufacturers VALUES(621,'Viewsonic');
INSERT INTO manufacturers VALUES(622,'EMC');
INSERT INTO manufacturers VALUES(623,'Kuvings');
INSERT INTO manufacturers VALUES(624,'Palit');
INSERT INTO manufacturers VALUES(625,'Geil');
INSERT INTO manufacturers VALUES(626,'Battistella');
INSERT INTO manufacturers VALUES(627,'Zubr');
INSERT INTO manufacturers VALUES(628,'Moser');
INSERT INTO manufacturers VALUES(629,'NETGEAR');
INSERT INTO manufacturers VALUES(630,'Rosinka');
INSERT INTO manufacturers VALUES(631,'Maxion');
INSERT INTO manufacturers VALUES(632,'RGV');
INSERT INTO manufacturers VALUES(633,'NUK');
INSERT INTO manufacturers VALUES(634,'ANKER');
INSERT INTO manufacturers VALUES(635,'Bork');
INSERT INTO manufacturers VALUES(636,'LifeScan');
INSERT INTO manufacturers VALUES(637,'Panasonic');
INSERT INTO manufacturers VALUES(638,'Hurakan');
INSERT INTO manufacturers VALUES(639,'Dahua');
INSERT INTO manufacturers VALUES(640,'Dicom');
INSERT INTO manufacturers VALUES(641,'Flaem Nuova');
INSERT INTO manufacturers VALUES(642,'G-case');
INSERT INTO manufacturers VALUES(643,'Gamma Piu');
INSERT INTO manufacturers VALUES(644,'Vortmax');
INSERT INTO manufacturers VALUES(645,'De''Longhi');
INSERT INTO manufacturers VALUES(646,'GIGALINK');
INSERT INTO manufacturers VALUES(647,'Soteco');
INSERT INTO manufacturers VALUES(648,'Armed');
INSERT INTO manufacturers VALUES(649,'AMD');
INSERT INTO manufacturers VALUES(650,'Bort');
INSERT INTO manufacturers VALUES(651,'Wendox');
INSERT INTO manufacturers VALUES(652,'Planta');
INSERT INTO manufacturers VALUES(653,'Doffler');
INSERT INTO manufacturers VALUES(654,'Samsonite');
INSERT INTO manufacturers VALUES(655,'HouseFit');
INSERT INTO manufacturers VALUES(656,'Nord');
INSERT INTO manufacturers VALUES(657,'Autovirazh');
INSERT INTO manufacturers VALUES(658,'Hynix');
INSERT INTO manufacturers VALUES(659,'Yasi');
INSERT INTO manufacturers VALUES(660,'Masterica');
INSERT INTO manufacturers VALUES(661,'Novaya Voda');
INSERT INTO manufacturers VALUES(662,'PARLUX');
INSERT INTO manufacturers VALUES(663,'Wellberg');
INSERT INTO manufacturers VALUES(664,'Elta');
INSERT INTO manufacturers VALUES(665,'Yunmai');
INSERT INTO manufacturers VALUES(666,'Travola');
INSERT INTO manufacturers VALUES(667,'KRET');
INSERT INTO manufacturers VALUES(668,'Miele');
INSERT INTO manufacturers VALUES(669,'Gelid Solutions');
INSERT INTO manufacturers VALUES(670,'Melitta');
INSERT INTO manufacturers VALUES(671,'Domena');
INSERT INTO manufacturers VALUES(672,'MAC5');
INSERT INTO manufacturers VALUES(673,'Boneco');
INSERT INTO manufacturers VALUES(674,'Switel');
INSERT INTO manufacturers VALUES(675,'Leran');
INSERT INTO manufacturers VALUES(676,'Energy');
INSERT INTO manufacturers VALUES(677,'RIVACASE');
INSERT INTO manufacturers VALUES(678,'Testo');
INSERT INTO manufacturers VALUES(679,'Nokia');
INSERT INTO manufacturers VALUES(680,'Apple');
INSERT INTO manufacturers VALUES(681,'Cozistyle');
INSERT INTO manufacturers VALUES(682,'Sharp');
INSERT INTO manufacturers VALUES(683,'Beko');
INSERT INTO manufacturers VALUES(684,'Prime Line');
INSERT INTO manufacturers VALUES(685,'Daewoo');
INSERT INTO manufacturers VALUES(686,'Monella');
INSERT INTO manufacturers VALUES(687,'Karcher');
INSERT INTO manufacturers VALUES(688,'Utes');
INSERT INTO manufacturers VALUES(689,'Donfeel');
INSERT INTO manufacturers VALUES(690,'Hartmann');
INSERT INTO manufacturers VALUES(691,'Partner');
INSERT INTO manufacturers VALUES(692,'Elchim');
INSERT INTO manufacturers VALUES(693,'Maxwell');
INSERT INTO manufacturers VALUES(694,'Ea2');
INSERT INTO manufacturers VALUES(695,'Tenda');
INSERT INTO manufacturers VALUES(696,'Geratherm');
INSERT INTO manufacturers VALUES(697,'Indokor');
INSERT INTO manufacturers VALUES(698,'Korg');
INSERT INTO manufacturers VALUES(699,'Powertraveller');
INSERT INTO manufacturers VALUES(700,'Horizont');
INSERT INTO manufacturers VALUES(701,'Elitech');
INSERT INTO manufacturers VALUES(702,'Powerocks');
INSERT INTO manufacturers VALUES(703,'Crucial');
INSERT INTO manufacturers VALUES(704,'BarTec');
INSERT INTO manufacturers VALUES(705,'Dream Machines');
INSERT INTO manufacturers VALUES(706,'LG');
INSERT INTO manufacturers VALUES(707,'Gamemax');
INSERT INTO manufacturers VALUES(708,'Vema');
INSERT INTO manufacturers VALUES(709,'Forward');
INSERT INTO manufacturers VALUES(710,'Kambrook');
INSERT INTO manufacturers VALUES(711,'Fusion');
INSERT INTO manufacturers VALUES(712,'Simfer');
INSERT INTO manufacturers VALUES(713,'Ziver');
INSERT INTO manufacturers VALUES(714,'VAPOSTEAM');
INSERT INTO manufacturers VALUES(715,'VolTera');
INSERT INTO manufacturers VALUES(716,'LinkWorld');
INSERT INTO manufacturers VALUES(717,'Zigmund&Shtain');
INSERT INTO manufacturers VALUES(718,'ZTE');
INSERT INTO manufacturers VALUES(719,'Marta');
INSERT INTO manufacturers VALUES(720,'S-Line');
INSERT INTO manufacturers VALUES(721,'Kromatech');
INSERT INTO manufacturers VALUES(722,'Hiper');
INSERT INTO manufacturers VALUES(723,'Momax');
INSERT INTO manufacturers VALUES(724,'Ariete');
INSERT INTO manufacturers VALUES(725,'Rosenberg');
INSERT INTO manufacturers VALUES(726,'Sima-land');
INSERT INTO manufacturers VALUES(727,'Waring');
INSERT INTO manufacturers VALUES(728,'PROconnect');
INSERT INTO manufacturers VALUES(729,'Brother');
INSERT INTO manufacturers VALUES(730,'Kamille');
INSERT INTO manufacturers VALUES(731,'Mir Detstva');
INSERT INTO manufacturers VALUES(732,'Scythe');
INSERT INTO manufacturers VALUES(733,'Parker');
INSERT INTO manufacturers VALUES(734,'DAFI');
INSERT INTO manufacturers VALUES(735,'Timson');
INSERT INTO manufacturers VALUES(736,'Hamilton');
INSERT INTO manufacturers VALUES(737,'Cezaris');
INSERT INTO manufacturers VALUES(738,'Krusell');
INSERT INTO manufacturers VALUES(739,'REXANT');
INSERT INTO manufacturers VALUES(740,'MTM');
INSERT INTO manufacturers VALUES(741,'ASRock');
INSERT INTO manufacturers VALUES(742,'Emmi-Dent');
INSERT INTO manufacturers VALUES(743,'Axentia');
INSERT INTO manufacturers VALUES(744,'Xiaomi');
INSERT INTO manufacturers VALUES(745,'Pilot');
INSERT INTO manufacturers VALUES(746,'Scarlett');
INSERT INTO manufacturers VALUES(747,'Topperr');
INSERT INTO manufacturers VALUES(748,'KREZ');
INSERT INTO manufacturers VALUES(749,'Lequip');
INSERT INTO manufacturers VALUES(750,'TRISTAR');
INSERT INTO manufacturers VALUES(751,'Corsair');
INSERT INTO manufacturers VALUES(752,'Powerman');
INSERT INTO manufacturers VALUES(753,'Vorwerk');
INSERT INTO manufacturers VALUES(754,'Yamata');
INSERT INTO manufacturers VALUES(755,'Riester');
INSERT INTO manufacturers VALUES(756,'Polaris');
INSERT INTO manufacturers VALUES(757,'Rubetek');
INSERT INTO manufacturers VALUES(758,'ROCK');
INSERT INTO manufacturers VALUES(759,'Polar');
INSERT INTO manufacturers VALUES(760,'GOODRAM');
INSERT INTO manufacturers VALUES(761,'uBear');
INSERT INTO manufacturers VALUES(762,'Veritas');
INSERT INTO manufacturers VALUES(763,'Dell');
INSERT INTO manufacturers VALUES(764,'EXEQ');
INSERT INTO manufacturers VALUES(765,'Lelit');
INSERT INTO manufacturers VALUES(766,'Aston');
INSERT INTO manufacturers VALUES(767,'Boulle');
INSERT INTO manufacturers VALUES(768,'Jardeko');
INSERT INTO manufacturers VALUES(769,'Beeline');
INSERT INTO manufacturers VALUES(770,'Brig');
INSERT INTO manufacturers VALUES(771,'NAD');
INSERT INTO manufacturers VALUES(772,'Camry');
INSERT INTO manufacturers VALUES(773,'Homestar');
INSERT INTO manufacturers VALUES(774,'Think Tank');
INSERT INTO manufacturers VALUES(775,'Maruchi');
INSERT INTO manufacturers VALUES(776,'Oster');
INSERT INTO manufacturers VALUES(777,'GAL');
INSERT INTO manufacturers VALUES(778,'Inada');
INSERT INTO manufacturers VALUES(779,'WaterShot');
INSERT INTO manufacturers VALUES(780,'Chayka');
INSERT INTO manufacturers VALUES(781,'Jofel');
INSERT INTO manufacturers VALUES(782,'Arnica');
INSERT INTO manufacturers VALUES(783,'Qumo');
INSERT INTO manufacturers VALUES(784,'Akel');
INSERT INTO manufacturers VALUES(785,'Enermax');
INSERT INTO manufacturers VALUES(786,'Sturm');
INSERT INTO manufacturers VALUES(787,'Aquatech');
INSERT INTO manufacturers VALUES(788,'Nuova Simonelli');
INSERT INTO manufacturers VALUES(789,'Wellcraft');
INSERT INTO manufacturers VALUES(790,'Fackelmann');
INSERT INTO manufacturers VALUES(791,'Intex');
INSERT INTO manufacturers VALUES(792,'LINKSYS');
INSERT INTO manufacturers VALUES(793,'MEROL');
INSERT INTO manufacturers VALUES(794,'Vertex');
INSERT INTO manufacturers VALUES(795,'Gess');
INSERT INTO manufacturers VALUES(796,'AMMA');
INSERT INTO manufacturers VALUES(797,'iconBIT');
INSERT INTO manufacturers VALUES(798,'TechLink');
INSERT INTO manufacturers VALUES(799,'Golla');
INSERT INTO manufacturers VALUES(800,'Andis');
INSERT INTO manufacturers VALUES(801,'BISSELL');
INSERT INTO manufacturers VALUES(802,'EIO');
INSERT INTO manufacturers VALUES(803,'Rohaus');
INSERT INTO manufacturers VALUES(804,'Mig');
INSERT INTO manufacturers VALUES(805,'Foxline');
INSERT INTO manufacturers VALUES(806,'Sibel');
INSERT INTO manufacturers VALUES(807,'STIHL');
INSERT INTO manufacturers VALUES(808,'Extreme Networks');
INSERT INTO manufacturers VALUES(809,'Samsung');
INSERT INTO manufacturers VALUES(810,'Beaba');
INSERT INTO manufacturers VALUES(811,'Baby Lock');
INSERT INTO manufacturers VALUES(812,'DBK');
INSERT INTO manufacturers VALUES(813,'Jetpik');
INSERT INTO manufacturers VALUES(814,'Unicorn');
INSERT INTO manufacturers VALUES(815,'Multico');
INSERT INTO manufacturers VALUES(816,'Tesler');
INSERT INTO manufacturers VALUES(817,'Honeywell');
INSERT INTO manufacturers VALUES(818,'Grand Master');
INSERT INTO manufacturers VALUES(819,'Bravilor Bonamat');
INSERT INTO manufacturers VALUES(820,'G-teq');
INSERT INTO manufacturers VALUES(821,'Megasonex');
INSERT INTO manufacturers VALUES(822,'Karl Weis');
INSERT INTO manufacturers VALUES(823,'Akai');
INSERT INTO manufacturers VALUES(824,'Shenzhen Jingyitian');
INSERT INTO manufacturers VALUES(825,'Xrobot');
INSERT INTO manufacturers VALUES(826,'RICCI');
INSERT INTO manufacturers VALUES(827,'Coolmart');
INSERT INTO manufacturers VALUES(828,'Korona');
INSERT INTO manufacturers VALUES(829,'EVO');
INSERT INTO manufacturers VALUES(830,'Foxconn');
INSERT INTO manufacturers VALUES(831,'HARPER');
INSERT INTO manufacturers VALUES(832,'CAS');
INSERT INTO manufacturers VALUES(833,'Keosan');
INSERT INTO manufacturers VALUES(834,'Medisana');
INSERT INTO manufacturers VALUES(835,'Franke');
INSERT INTO manufacturers VALUES(836,'CS Medica');
INSERT INTO manufacturers VALUES(837,'Bekker');
INSERT INTO manufacturers VALUES(838,'Sea Sonic');
INSERT INTO manufacturers VALUES(839,'Mercury');
INSERT INTO manufacturers VALUES(840,'New Home');
INSERT INTO manufacturers VALUES(841,'BelOMO');
INSERT INTO manufacturers VALUES(842,'Russell Hobbs');
INSERT INTO manufacturers VALUES(843,'TRENDnet');
INSERT INTO manufacturers VALUES(844,'GARDENA');
INSERT INTO manufacturers VALUES(845,'Infortrend');
INSERT INTO manufacturers VALUES(846,'Aerocool');
INSERT INTO manufacturers VALUES(847,'5bites');
INSERT INTO manufacturers VALUES(848,'Espada');
INSERT INTO manufacturers VALUES(849,'Delimano');
INSERT INTO manufacturers VALUES(850,'Zanussi');
INSERT INTO manufacturers VALUES(851,'Moshi');
INSERT INTO manufacturers VALUES(852,'RST');
INSERT INTO manufacturers VALUES(853,'Liloma');
INSERT INTO manufacturers VALUES(854,'Canpol Babies');
INSERT INTO manufacturers VALUES(855,'Panda');
INSERT INTO manufacturers VALUES(856,'Cambridge');
INSERT INTO manufacturers VALUES(857,'MIE');
INSERT INTO manufacturers VALUES(858,'Lavezzini');
INSERT INTO manufacturers VALUES(859,'Barry');
INSERT INTO manufacturers VALUES(860,'Zepter');
INSERT INTO manufacturers VALUES(861,'Velikie Reki');
INSERT INTO manufacturers VALUES(862,'QNAP');
INSERT INTO manufacturers VALUES(863,'Falcon Eye');
INSERT INTO manufacturers VALUES(864,'Body Sculpture');
INSERT INTO manufacturers VALUES(865,'Menumaster');
INSERT INTO manufacturers VALUES(866,'Laurastar');
INSERT INTO manufacturers VALUES(867,'Galaxy');
INSERT INTO manufacturers VALUES(868,'Eurogold');
INSERT INTO manufacturers VALUES(869,'Steba');
INSERT INTO manufacturers VALUES(870,'Intel');
INSERT INTO manufacturers VALUES(871,'AVEX');
INSERT INTO manufacturers VALUES(872,'Lira');
INSERT INTO manufacturers VALUES(873,'Columbus');
INSERT INTO manufacturers VALUES(874,'PLANET');
INSERT INTO manufacturers VALUES(875,'ZiPower');
INSERT INTO manufacturers VALUES(876,'Salter');
INSERT INTO manufacturers VALUES(877,'Brisk');
INSERT INTO manufacturers VALUES(878,'Dewal');
INSERT INTO manufacturers VALUES(879,'SoWash');
INSERT INTO manufacturers VALUES(880,'BERNINA');
INSERT INTO manufacturers VALUES(881,'Beurer');
INSERT INTO manufacturers VALUES(882,'Chicco');
INSERT INTO manufacturers VALUES(883,'Sarayli');
INSERT INTO manufacturers VALUES(884,'B.Well');
INSERT INTO manufacturers VALUES(885,'Oursson');
INSERT INTO manufacturers VALUES(886,'TopON');
INSERT INTO manufacturers VALUES(887,'Thermalright');
INSERT INTO manufacturers VALUES(888,'Penzmash');
INSERT INTO manufacturers VALUES(889,'Graef');
INSERT INTO manufacturers VALUES(890,'Cellularline');
INSERT INTO manufacturers VALUES(891,'Smeg');
INSERT INTO manufacturers VALUES(892,'Vitamix');
INSERT INTO manufacturers VALUES(893,'Eibenstock');
INSERT INTO manufacturers VALUES(894,'Bamix');
INSERT INTO manufacturers VALUES(895,'Wahl');
INSERT INTO manufacturers VALUES(896,'ROVUS');
INSERT INTO manufacturers VALUES(897,'Nissei');
INSERT INTO manufacturers VALUES(898,'Asus');
INSERT INTO manufacturers VALUES(899,'Anatomico');
INSERT INTO manufacturers VALUES(900,'Gipfel');
INSERT INTO manufacturers VALUES(901,'Juniper');
INSERT INTO manufacturers VALUES(902,'Sensa');
INSERT INTO manufacturers VALUES(903,'Zalman');
INSERT INTO manufacturers VALUES(904,'Aksberry');
INSERT INTO manufacturers VALUES(905,'Zenet');
INSERT INTO manufacturers VALUES(906,'Monster');
INSERT INTO manufacturers VALUES(907,'Koh-i-Noor');
INSERT INTO manufacturers VALUES(908,'Delvir');
INSERT INTO manufacturers VALUES(909,'Plextor');
INSERT INTO manufacturers VALUES(910,'Elgreen');
INSERT INTO manufacturers VALUES(911,'FGUP UPPO');
INSERT INTO manufacturers VALUES(912,'STLab');
INSERT INTO manufacturers VALUES(913,'Antec');
INSERT INTO manufacturers VALUES(914,'La Cimbali');
INSERT INTO manufacturers VALUES(915,'In Win');
INSERT INTO manufacturers VALUES(916,'Cougar');
INSERT INTO manufacturers VALUES(917,'Binatone');
INSERT INTO manufacturers VALUES(918,'Ross&Moor');
INSERT INTO manufacturers VALUES(919,'Asahi Irica');
INSERT INTO manufacturers VALUES(920,'Silicon Power');
INSERT INTO manufacturers VALUES(921,'RME');
INSERT INTO manufacturers VALUES(922,'Kampfer');
INSERT INTO manufacturers VALUES(923,'Tomas Stern');
INSERT INTO manufacturers VALUES(924,'Green Apple');
INSERT INTO manufacturers VALUES(925,'GD');
INSERT INTO manufacturers VALUES(926,'Texet');
INSERT INTO manufacturers VALUES(927,'Starfood');
INSERT INTO manufacturers VALUES(928,'ST');
INSERT INTO manufacturers VALUES(929,'Biostar');
INSERT INTO manufacturers VALUES(930,'Cata');
INSERT INTO manufacturers VALUES(931,'Microlife');
INSERT INTO manufacturers VALUES(932,'Gigabyte');
INSERT INTO manufacturers VALUES(933,'Skylink');
INSERT INTO manufacturers VALUES(934,'Abat');
INSERT INTO manufacturers VALUES(935,'Storm');
INSERT INTO manufacturers VALUES(936,'Barigo');
INSERT INTO manufacturers VALUES(937,'PNY');
INSERT INTO manufacturers VALUES(938,'LigoWave');
INSERT INTO manufacturers VALUES(939,'BaByliss');
INSERT INTO manufacturers VALUES(940,'Unitekno');
INSERT INTO manufacturers VALUES(941,'Gold Eagle');
INSERT INTO manufacturers VALUES(942,'Longa Vita');
INSERT INTO manufacturers VALUES(943,'Henkelman');
INSERT INTO manufacturers VALUES(944,'Gorenje');
INSERT INTO manufacturers VALUES(945,'Happy Baby');
INSERT INTO manufacturers VALUES(946,'Airhot');
INSERT INTO manufacturers VALUES(947,'Rommelsbacher');
INSERT INTO manufacturers VALUES(948,'TITAN');
INSERT INTO manufacturers VALUES(949,'SYR');
INSERT INTO manufacturers VALUES(950,'Colgate');
INSERT INTO manufacturers VALUES(951,'MPM');
INSERT INTO manufacturers VALUES(952,'Piquadro');
INSERT INTO manufacturers VALUES(953,'Promate');
INSERT INTO manufacturers VALUES(954,'Varta');
INSERT INTO manufacturers VALUES(955,'AmperIn');
INSERT INTO manufacturers VALUES(956,'MAGNIT');
INSERT INTO manufacturers VALUES(957,'Asko');
INSERT INTO manufacturers VALUES(958,'Torneo');
INSERT INTO manufacturers VALUES(959,'Nanoxia');
INSERT INTO manufacturers VALUES(960,'Irbis');
INSERT INTO manufacturers VALUES(961,'PIT');
INSERT INTO manufacturers VALUES(962,'MESSER');
INSERT INTO manufacturers VALUES(963,'Metabo');
INSERT INTO manufacturers VALUES(964,'Nofer');
INSERT INTO manufacturers VALUES(965,'AIRLINE');
INSERT INTO manufacturers VALUES(966,'Hoover');
INSERT INTO manufacturers VALUES(967,'Peroni');
INSERT INTO manufacturers VALUES(968,'VIA');
INSERT INTO manufacturers VALUES(969,'Staleks');
INSERT INTO manufacturers VALUES(970,'Waterpik');
INSERT INTO manufacturers VALUES(971,'Runtastic');
INSERT INTO manufacturers VALUES(972,'Urbano');
INSERT INTO manufacturers VALUES(973,'Atoll');
INSERT INTO manufacturers VALUES(974,'Solinberg');
INSERT INTO manufacturers VALUES(975,'APC');
INSERT INTO manufacturers VALUES(976,'Adaptec');
INSERT INTO manufacturers VALUES(977,'Kurnosiky');
INSERT INTO manufacturers VALUES(978,'Xilence');
INSERT INTO manufacturers VALUES(979,'EFBA');
INSERT INTO manufacturers VALUES(980,'Promac');
INSERT INTO manufacturers VALUES(981,'Family');
INSERT INTO manufacturers VALUES(982,'VAX');
INSERT INTO manufacturers VALUES(983,'MED 2000');
INSERT INTO manufacturers VALUES(984,'Metaltex');
INSERT INTO manufacturers VALUES(985,'Zelmer');
INSERT INTO manufacturers VALUES(986,'Momert');
INSERT INTO manufacturers VALUES(987,'Ampix');
INSERT INTO manufacturers VALUES(988,'IceHammer');
INSERT INTO manufacturers VALUES(989,'Juki');
INSERT INTO manufacturers VALUES(990,'HoMedics');
INSERT INTO manufacturers VALUES(991,'Tria');
INSERT INTO manufacturers VALUES(992,'Start');
INSERT INTO manufacturers VALUES(993,'InStyler');
INSERT INTO manufacturers VALUES(994,'Calibre');
INSERT INTO manufacturers VALUES(995,'iStorage');
INSERT INTO manufacturers VALUES(996,'Akira');
INSERT INTO manufacturers VALUES(997,'Singer');
INSERT INTO manufacturers VALUES(998,'Gretti');
INSERT INTO manufacturers VALUES(999,'SuperJet');
INSERT INTO manufacturers VALUES(1000,'Bebe Confort');
INSERT INTO manufacturers VALUES(1001,'ARCTIC');
INSERT INTO manufacturers VALUES(1002,'Oysters');
INSERT INTO manufacturers VALUES(1003,'Violet');
INSERT INTO manufacturers VALUES(1004,'CoifIn');
INSERT INTO manufacturers VALUES(1005,'BoyScout');
INSERT INTO manufacturers VALUES(1006,'Meliconi');
INSERT INTO manufacturers VALUES(1007,'Ubiquiti');
INSERT INTO manufacturers VALUES(1008,'Romoss');
INSERT INTO manufacturers VALUES(1009,'JTC');
CREATE TABLE products
(
    product_id INTEGER PRIMARY KEY AUTOINCREMENT NOT NULL,
    product_name VARCHAR(255)  NOT NULL,
    manufacturer_id INTEGER  NOT NULL,    
    category_id INTEGER NOT NULL,
    FOREIGN KEY (category_id) REFERENCES categories (category_id) ON DELETE NO ACTION ON UPDATE NO ACTION,
    FOREIGN KEY (manufacturer_id) REFERENCES manufacturers (manufacturer_id) ON DELETE NO ACTION ON UPDATE NO ACTION
);
INSERT INTO products VALUES(1,'Ноутбук Lenovo ThinkPad X270 [X270 20HN0012RT]',530,2);
INSERT INTO products VALUES(2,'Материнская плата MSI B250M BAZOOKA PLUS',325,2);
INSERT INTO products VALUES(3,'Электрочайник Oursson 	 EK1763M',885,1);
INSERT INTO products VALUES(4,'Фен Sinbo SHD-7034',250,1);
INSERT INTO products VALUES(5,'Ноутбук HP 250 G6 [250G6 1WY51EA]',105,2);
INSERT INTO products VALUES(6,'Ноутбук HP 15-bs000 [15-BS019UR 1ZJ85EA]',105,2);
INSERT INTO products VALUES(7,'Видеокарта Gigabyte GeForce GTX 1050 GV-N1050WF2OC-2GD',932,2);
INSERT INTO products VALUES(8,'Массажер для тела GEZAtone AMG114',331,1);
INSERT INTO products VALUES(9,'Ноутбук Dell Inspiron 15 5570 [5570-0054]',763,2);
INSERT INTO products VALUES(10,'Ноутбук Dell Latitude 3480 [3480-6126]',763,2);
INSERT INTO products VALUES(11,'Монитор Acer G237HLAwi',349,2);
INSERT INTO products VALUES(12,'Электродуховка Artel MD 4212 E',78,1);
INSERT INTO products VALUES(13,'Электрическая зубная щетка CS Medica Sonic Pulsar CS-131',836,1);
INSERT INTO products VALUES(14,'Материнская плата MSI H81M-E33',325,2);
INSERT INTO products VALUES(15,'Ноутбук MSI GS70 6QE Stealth Pro [GS70 6QE-265]',325,2);
INSERT INTO products VALUES(16,'Швейная машина, оверлок Singer 14SH754',997,1);
INSERT INTO products VALUES(17,'Пылесос Samsung SC-432A',809,1);
INSERT INTO products VALUES(18,'Микроволновая печь Candy CMXW 22 DS',537,1);
INSERT INTO products VALUES(19,'Ноутбук HP 15-bw000 [15-BW071UR 2CN98EA]',105,2);
INSERT INTO products VALUES(20,'Антенна для Wi-Fi и 3G Ubiquiti AirMax Sector M-V5G-Ti',1007,2);
INSERT INTO products VALUES(21,'Швейная машина, оверлок BERNINA B580',880,1);
INSERT INTO products VALUES(22,'Пылесос Agressor AGR 140',20,1);
INSERT INTO products VALUES(23,'Весы Kromax KS-519',317,1);
INSERT INTO products VALUES(24,'Кофемолка Saturn ST-CM1033',29,1);
INSERT INTO products VALUES(25,'Весы Tanita HD-394',387,1);
INSERT INTO products VALUES(26,'Сумка для ноутбуков Sumdex Impulse Fashion Place Portfolio Brief [Impulse Fashion Place Portfolio Brief 15.4]',274,2);
INSERT INTO products VALUES(27,'Антенна для Wi-Fi и 3G Antex PETRA Broad Band 75',439,2);
INSERT INTO products VALUES(28,'Фен Redmond RF-524',58,1);
INSERT INTO products VALUES(29,'Оперативная память Transcend DDR2 [JM800QLU-2G]',186,2);
INSERT INTO products VALUES(30,'Фен Beurer HS80',881,1);
INSERT INTO products VALUES(31,'Фен Gamma Piu Rainbow',643,1);
INSERT INTO products VALUES(32,'Машинка для стрижки волос Moser 1245-0066',628,1);
INSERT INTO products VALUES(33,'Жесткий диск WD RE [WD2004FBYZ]',74,2);
INSERT INTO products VALUES(34,'Монитор Sharp PN-80SC5',682,2);
INSERT INTO products VALUES(35,'Микроволновая печь LG MS-23M38GIH',706,1);
INSERT INTO products VALUES(36,'Ноутбук MSI GP72M 7RDX Leopard [GP72M 7RDX-1239]',325,2);
INSERT INTO products VALUES(37,'Блок питания Thermaltake Toughpower DPS [TPG-0850D]',204,2);
INSERT INTO products VALUES(38,'Коммутатор Dell X4012',763,2);
INSERT INTO products VALUES(39,'Оперативная память Corsair Vengeance RGB DDR4 [CMR32GX4M4A2666C16]',751,2);
INSERT INTO products VALUES(40,'Фен Moser 4445-0050',628,1);
INSERT INTO products VALUES(41,'Блинница Kromax CM-24',317,1);
INSERT INTO products VALUES(42,'Коммутатор Cisco WS-C2960X-48TD-L',584,2);
INSERT INTO products VALUES(43,'Электрочайник Tefal KI 760',498,1);
INSERT INTO products VALUES(44,'Весы Scarlett SC-KS57P20',746,1);
INSERT INTO products VALUES(45,'Система охлаждения Thermaltake CLW0222',204,2);
INSERT INTO products VALUES(46,'Кофемолка De''Longhi KG 49',645,1);
INSERT INTO products VALUES(47,'Коммутатор HP JG221A',105,2);
INSERT INTO products VALUES(48,'Ноутбук Lenovo Ideapad 710S 13 [710S-13ISK 80SW0063RK]',530,2);
INSERT INTO products VALUES(49,'Швейная машина, оверлок Toyota ART 20',509,1);
INSERT INTO products VALUES(50,'Сумка для ноутбуков Sumdex Passage Computer Brief PON-328 [Passage Computer Brief PON-328 15.6]',274,2);
CREATE TABLE price_change
(
    product_id INTEGER NOT NULL,
    date_price_change DATE NOT NULL,
    new_price NUMERIC(9,2) NOT NULL,      
    CONSTRAINT PK_PRICE_CHANGE PRIMARY KEY (product_id, date_price_change),  
    FOREIGN KEY (product_id) REFERENCES products (product_id) ON DELETE NO ACTION ON UPDATE NO ACTION   
);
INSERT INTO price_change VALUES(1,1609459200,89709.3999999999941);
INSERT INTO price_change VALUES(2,1609459200,5137);
INSERT INTO price_change VALUES(3,1609459200,1089);
INSERT INTO price_change VALUES(4,1609459200,633.600000000000022);
INSERT INTO price_change VALUES(5,1609459200,27682.5999999999985);
INSERT INTO price_change VALUES(6,1609459200,48389);
INSERT INTO price_change VALUES(7,1609459200,11053.8999999999996);
INSERT INTO price_change VALUES(8,1609459200,1529);
INSERT INTO price_change VALUES(9,1609459200,35970);
INSERT INTO price_change VALUES(10,1609459200,50444.9000000000014);
INSERT INTO price_change VALUES(11,1609459200,12089);
INSERT INTO price_change VALUES(12,1609459200,5121.60000000000036);
INSERT INTO price_change VALUES(13,1609459200,1560.90000000000009);
INSERT INTO price_change VALUES(14,1609459200,2464);
INSERT INTO price_change VALUES(15,1609459200,90849);
INSERT INTO price_change VALUES(16,1609459200,19688.9000000000014);
INSERT INTO price_change VALUES(17,1609459200,4881.80000000000018);
INSERT INTO price_change VALUES(18,1609459200,6282.10000000000036);
INSERT INTO price_change VALUES(19,1609459200,32439);
INSERT INTO price_change VALUES(20,1609459200,11849.2000000000007);
INSERT INTO price_change VALUES(21,1609459200,197890);
INSERT INTO price_change VALUES(22,1609459200,1570.79999999999995);
INSERT INTO price_change VALUES(23,1609459200,867.899999999999977);
INSERT INTO price_change VALUES(24,1609459200,616);
INSERT INTO price_change VALUES(25,1609459200,1641.20000000000004);
INSERT INTO price_change VALUES(26,1609459200,1375);
INSERT INTO price_change VALUES(27,1609459200,1645.5999999999999);
INSERT INTO price_change VALUES(28,1609459200,1826);
INSERT INTO price_change VALUES(29,1609459200,2110.90000000000009);
INSERT INTO price_change VALUES(30,1609459200,5610);
INSERT INTO price_change VALUES(31,1609459200,3298.90000000000009);
INSERT INTO price_change VALUES(32,1609459200,2471.69999999999981);
INSERT INTO price_change VALUES(33,1609459200,9452.29999999999927);
INSERT INTO price_change VALUES(34,1609459200,869000);
INSERT INTO price_change VALUES(35,1609459200,10626);
INSERT INTO price_change VALUES(36,1609459200,82489);
INSERT INTO price_change VALUES(37,1609459200,19676.7999999999992);
INSERT INTO price_change VALUES(38,1609459200,80551.8999999999941);
INSERT INTO price_change VALUES(39,1609459200,27353.7000000000007);
INSERT INTO price_change VALUES(40,1609459200,2696.0999999999999);
INSERT INTO price_change VALUES(41,1609459200,1366.20000000000004);
INSERT INTO price_change VALUES(42,1609459200,183579);
INSERT INTO price_change VALUES(43,1609459200,3839);
INSERT INTO price_change VALUES(44,1609459200,959.200000000000045);
INSERT INTO price_change VALUES(45,1609459200,3361.5999999999999);
INSERT INTO price_change VALUES(46,1609459200,3208.69999999999981);
INSERT INTO price_change VALUES(47,1609459200,26419.7999999999992);
INSERT INTO price_change VALUES(48,1609459200,85789);
INSERT INTO price_change VALUES(49,1609459200,9020);
INSERT INTO price_change VALUES(50,1609459200,1331);
CREATE TABLE stores
(
    store_id INTEGER PRIMARY KEY AUTOINCREMENT NOT NULL,
    store_name text  NOT NULL
);
INSERT INTO stores VALUES(1,'Филиал №1');
INSERT INTO stores VALUES(2,'Филиал №2');
INSERT INTO stores VALUES(3,'Филиал №3');
INSERT INTO stores VALUES(4,'Филиал №1');
INSERT INTO stores VALUES(5,'Филиал №2');
INSERT INTO stores VALUES(6,'Филиал №3');
CREATE TABLE deliveries
(    
    product_id  INTEGER NOT NULL,
    store_id INTEGER NOT NULL,
    delivery_date  INTEGER NOT NULL,
    product_count  INTEGER NOT NULL,    
    FOREIGN KEY ([product_id]) REFERENCES "products" ([product_id]) ON DELETE NO ACTION ON UPDATE NO ACTION,
    FOREIGN KEY ([store_id]) REFERENCES "stores" ([store_id]) ON DELETE NO ACTION ON UPDATE NO ACTION
);
INSERT INTO deliveries VALUES(1,3,1609459200,5);
INSERT INTO deliveries VALUES(1,3,1615880592,8);
INSERT INTO deliveries VALUES(2,2,1609459200,5);
INSERT INTO deliveries VALUES(2,2,1615170548,7);
INSERT INTO deliveries VALUES(3,1,1609459200,5);
INSERT INTO deliveries VALUES(3,1,1616721744,9);
INSERT INTO deliveries VALUES(4,1,1609459200,5);
INSERT INTO deliveries VALUES(4,1,1610452204,6);
INSERT INTO deliveries VALUES(5,2,1609459200,5);
INSERT INTO deliveries VALUES(5,2,1613660506,10);
INSERT INTO deliveries VALUES(6,2,1609459200,5);
INSERT INTO deliveries VALUES(6,2,1614795471,7);
INSERT INTO deliveries VALUES(7,3,1609459200,5);
INSERT INTO deliveries VALUES(7,3,1610277949,6);
INSERT INTO deliveries VALUES(8,2,1609459200,5);
INSERT INTO deliveries VALUES(8,2,1621628048,8);
INSERT INTO deliveries VALUES(9,3,1609459200,5);
INSERT INTO deliveries VALUES(9,3,1622257335,9);
INSERT INTO deliveries VALUES(10,3,1609459200,5);
INSERT INTO deliveries VALUES(10,3,1612881652,7);
INSERT INTO deliveries VALUES(11,1,1609459200,5);
INSERT INTO deliveries VALUES(11,1,1622058031,7);
INSERT INTO deliveries VALUES(12,3,1609459200,5);
INSERT INTO deliveries VALUES(12,3,1616352957,10);
INSERT INTO deliveries VALUES(13,1,1609459200,5);
INSERT INTO deliveries VALUES(13,1,1611888098,7);
INSERT INTO deliveries VALUES(14,2,1609459200,5);
INSERT INTO deliveries VALUES(14,2,1620063665,7);
INSERT INTO deliveries VALUES(15,1,1609459200,5);
INSERT INTO deliveries VALUES(15,1,1617614567,7);
INSERT INTO deliveries VALUES(16,1,1609459200,5);
INSERT INTO deliveries VALUES(16,1,1622321099,10);
INSERT INTO deliveries VALUES(17,1,1609459200,5);
INSERT INTO deliveries VALUES(17,1,1617469720,6);
INSERT INTO deliveries VALUES(18,1,1609459200,5);
INSERT INTO deliveries VALUES(18,1,1616396348,6);
INSERT INTO deliveries VALUES(19,2,1609459200,5);
INSERT INTO deliveries VALUES(19,2,1611517424,9);
INSERT INTO deliveries VALUES(20,3,1609459200,5);
INSERT INTO deliveries VALUES(20,3,1613650685,5);
INSERT INTO deliveries VALUES(21,2,1609459200,5);
INSERT INTO deliveries VALUES(21,2,1618084169,8);
INSERT INTO deliveries VALUES(22,3,1609459200,5);
INSERT INTO deliveries VALUES(22,3,1612352029,10);
INSERT INTO deliveries VALUES(23,2,1609459200,5);
INSERT INTO deliveries VALUES(23,2,1616704131,10);
INSERT INTO deliveries VALUES(24,1,1609459200,5);
INSERT INTO deliveries VALUES(24,1,1610540697,9);
INSERT INTO deliveries VALUES(25,1,1609459200,5);
INSERT INTO deliveries VALUES(25,1,1611651745,5);
INSERT INTO deliveries VALUES(26,1,1609459200,5);
INSERT INTO deliveries VALUES(26,1,1614812013,5);
INSERT INTO deliveries VALUES(27,1,1609459200,5);
INSERT INTO deliveries VALUES(27,1,1618869283,9);
INSERT INTO deliveries VALUES(28,1,1609459200,5);
INSERT INTO deliveries VALUES(28,1,1613909162,8);
INSERT INTO deliveries VALUES(29,3,1609459200,5);
INSERT INTO deliveries VALUES(29,3,1618066234,10);
INSERT INTO deliveries VALUES(30,3,1609459200,5);
INSERT INTO deliveries VALUES(30,3,1616094307,9);
INSERT INTO deliveries VALUES(31,3,1609459200,5);
INSERT INTO deliveries VALUES(31,3,1612144168,9);
INSERT INTO deliveries VALUES(32,1,1609459200,5);
INSERT INTO deliveries VALUES(32,1,1622117221,8);
INSERT INTO deliveries VALUES(33,2,1609459200,5);
INSERT INTO deliveries VALUES(33,2,1614496492,6);
INSERT INTO deliveries VALUES(34,3,1609459200,5);
INSERT INTO deliveries VALUES(34,3,1614766370,7);
INSERT INTO deliveries VALUES(35,1,1609459200,5);
INSERT INTO deliveries VALUES(35,1,1613981129,7);
INSERT INTO deliveries VALUES(36,2,1609459200,5);
INSERT INTO deliveries VALUES(36,2,1611982547,10);
INSERT INTO deliveries VALUES(37,3,1609459200,5);
INSERT INTO deliveries VALUES(37,3,1611476850,10);
INSERT INTO deliveries VALUES(38,3,1609459200,5);
INSERT INTO deliveries VALUES(38,3,1620145549,5);
INSERT INTO deliveries VALUES(39,1,1609459200,5);
INSERT INTO deliveries VALUES(39,1,1618086716,8);
INSERT INTO deliveries VALUES(40,1,1609459200,5);
INSERT INTO deliveries VALUES(40,1,1612881176,8);
INSERT INTO deliveries VALUES(41,1,1609459200,5);
INSERT INTO deliveries VALUES(41,1,1609657170,9);
INSERT INTO deliveries VALUES(42,3,1609459200,5);
INSERT INTO deliveries VALUES(42,3,1611861675,9);
INSERT INTO deliveries VALUES(43,2,1609459200,5);
INSERT INTO deliveries VALUES(43,2,1619621783,5);
INSERT INTO deliveries VALUES(44,3,1609459200,5);
INSERT INTO deliveries VALUES(44,3,1617834520,6);
INSERT INTO deliveries VALUES(45,3,1609459200,5);
INSERT INTO deliveries VALUES(45,3,1618257654,7);
INSERT INTO deliveries VALUES(46,1,1609459200,5);
INSERT INTO deliveries VALUES(46,1,1615441588,7);
INSERT INTO deliveries VALUES(47,2,1609459200,5);
INSERT INTO deliveries VALUES(47,2,1621824710,10);
INSERT INTO deliveries VALUES(48,3,1609459200,5);
INSERT INTO deliveries VALUES(48,3,1616440899,8);
INSERT INTO deliveries VALUES(49,3,1609459200,5);
INSERT INTO deliveries VALUES(49,3,1620968937,6);
INSERT INTO deliveries VALUES(50,2,1609459200,5);
INSERT INTO deliveries VALUES(50,2,1614611094,6);
CREATE TABLE IF NOT EXISTS "customers"
(
    customer_id INTEGER PRIMARY KEY AUTOINCREMENT NOT NULL,
    customer_name text  NOT NULL
);
INSERT INTO customers VALUES(1,'Елена Кузьминична Елисеева');
INSERT INTO customers VALUES(2,'Галкина Жанна Геннадьевна');
INSERT INTO customers VALUES(3,'Мухина Зоя Валентиновна');
INSERT INTO customers VALUES(4,'Мишина Евдокия Ниловна');
INSERT INTO customers VALUES(5,'Ульян Изотович Большаков');
CREATE TABLE purchases
(
    purchase_id INTEGER PRIMARY KEY AUTOINCREMENT NOT NULL,
    customer_id INTEGER NOT NULL,
    store_id INTEGER  NOT NULL,    
    purchase_date INTEGER NOT NULL,    
    FOREIGN KEY ([customer_id]) REFERENCES "customers" ([customer_id]) ON DELETE NO ACTION ON UPDATE NO ACTION,
    FOREIGN KEY ([store_id]) REFERENCES "stores" ([store_id]) ON DELETE NO ACTION ON UPDATE NO ACTION
);
INSERT INTO purchases VALUES(1,2,3,1621217801);
INSERT INTO purchases VALUES(2,4,2,1611502306);
INSERT INTO purchases VALUES(3,5,1,1615190478);
INSERT INTO purchases VALUES(4,5,2,1612071477);
INSERT INTO purchases VALUES(5,1,2,1611613952);
INSERT INTO purchases VALUES(6,5,2,1613856704);
INSERT INTO purchases VALUES(7,4,2,1612674703);
INSERT INTO purchases VALUES(8,5,1,1609779480);
INSERT INTO purchases VALUES(9,2,1,1617389862);
INSERT INTO purchases VALUES(10,3,2,1621170359);
INSERT INTO purchases VALUES(11,3,1,1617337660);
INSERT INTO purchases VALUES(12,1,3,1609709244);
INSERT INTO purchases VALUES(13,2,2,1617163895);
INSERT INTO purchases VALUES(14,1,3,1617535345);
INSERT INTO purchases VALUES(15,4,1,1619564165);
INSERT INTO purchases VALUES(16,1,1,1622155011);
INSERT INTO purchases VALUES(17,4,2,1615141511);
INSERT INTO purchases VALUES(18,5,2,1610912256);
INSERT INTO purchases VALUES(19,5,2,1611314618);
INSERT INTO purchases VALUES(20,2,3,1610284234);
INSERT INTO purchases VALUES(21,4,2,1619717858);
INSERT INTO purchases VALUES(22,3,1,1614227752);
INSERT INTO purchases VALUES(23,1,3,1611560816);
INSERT INTO purchases VALUES(24,1,3,1609623562);
INSERT INTO purchases VALUES(25,2,2,1622056669);
INSERT INTO purchases VALUES(26,4,2,1620695449);
INSERT INTO purchases VALUES(27,1,1,1621013551);
INSERT INTO purchases VALUES(28,2,1,1618903643);
INSERT INTO purchases VALUES(29,4,3,1611710055);
INSERT INTO purchases VALUES(30,5,1,1613755999);
INSERT INTO purchases VALUES(31,4,1,1614354172);
INSERT INTO purchases VALUES(32,3,2,1618144377);
INSERT INTO purchases VALUES(33,4,3,1620149568);
INSERT INTO purchases VALUES(34,4,3,1618848849);
INSERT INTO purchases VALUES(35,2,1,1612866019);
INSERT INTO purchases VALUES(36,5,1,1618937694);
INSERT INTO purchases VALUES(37,5,1,1611822454);
INSERT INTO purchases VALUES(38,1,1,1620029737);
INSERT INTO purchases VALUES(39,1,2,1609700051);
INSERT INTO purchases VALUES(40,1,2,1613730604);
INSERT INTO purchases VALUES(41,5,3,1614450002);
INSERT INTO purchases VALUES(42,3,2,1617543650);
INSERT INTO purchases VALUES(43,2,1,1612715067);
INSERT INTO purchases VALUES(44,2,1,1609707667);
INSERT INTO purchases VALUES(45,5,2,1615995769);
INSERT INTO purchases VALUES(46,3,2,1614088008);
INSERT INTO purchases VALUES(47,1,3,1613061085);
INSERT INTO purchases VALUES(48,5,3,1611611367);
INSERT INTO purchases VALUES(49,3,1,1620862363);
INSERT INTO purchases VALUES(50,4,3,1619764121);
CREATE TABLE purchase_items
(
    purchase_id INTEGER NOT NULL,
    product_id INTEGER NOT NULL,
    product_count INTEGER NOT NULL,
    product_price REAL NOT NULL,
    CONSTRAINT PK_PURCHASE_ITEMS PRIMARY KEY (purchase_id, product_id),  
    FOREIGN KEY ([product_id]) REFERENCES "products" ([product_id]) ON DELETE NO ACTION ON UPDATE NO ACTION,
    FOREIGN KEY ([purchase_id]) REFERENCES "purchases" ([purchase_id]) ON DELETE NO ACTION ON UPDATE NO ACTION
);
INSERT INTO purchase_items VALUES(1,1,2,89709.3999999999941);
INSERT INTO purchase_items VALUES(1,43,1,3839.0);
INSERT INTO purchase_items VALUES(1,10,1,50444.9000000000014);
INSERT INTO purchase_items VALUES(2,14,1,2464.0);
INSERT INTO purchase_items VALUES(2,30,1,5610.0);
INSERT INTO purchase_items VALUES(2,6,2,48389.0);
INSERT INTO purchase_items VALUES(3,41,1,1366.20000000000004);
INSERT INTO purchase_items VALUES(4,38,1,80551.8999999999941);
INSERT INTO purchase_items VALUES(4,20,1,11849.2000000000007);
INSERT INTO purchase_items VALUES(4,22,1,1570.79999999999995);
INSERT INTO purchase_items VALUES(5,18,1,6282.10000000000036);
INSERT INTO purchase_items VALUES(5,8,1,1529.0);
INSERT INTO purchase_items VALUES(5,40,2,2696.0999999999999);
INSERT INTO purchase_items VALUES(6,30,1,5610.0);
INSERT INTO purchase_items VALUES(7,47,1,26419.7999999999992);
INSERT INTO purchase_items VALUES(8,34,2,869000.0);
INSERT INTO purchase_items VALUES(9,26,1,1375.0);
INSERT INTO purchase_items VALUES(10,20,1,11849.2000000000007);
INSERT INTO purchase_items VALUES(10,21,2,197890.0);
INSERT INTO purchase_items VALUES(11,48,1,85789.0);
INSERT INTO purchase_items VALUES(11,14,1,2464.0);
INSERT INTO purchase_items VALUES(11,1,1,89709.3999999999941);
INSERT INTO purchase_items VALUES(12,33,1,9452.29999999999927);
INSERT INTO purchase_items VALUES(13,21,2,197890.0);
INSERT INTO purchase_items VALUES(14,27,1,1645.5999999999999);
INSERT INTO purchase_items VALUES(15,26,1,1375.0);
INSERT INTO purchase_items VALUES(16,14,2,2464.0);
INSERT INTO purchase_items VALUES(16,6,1,48389.0);
INSERT INTO purchase_items VALUES(16,16,2,19688.9000000000014);
INSERT INTO purchase_items VALUES(17,34,1,869000.0);
INSERT INTO purchase_items VALUES(18,10,1,50444.9000000000014);
INSERT INTO purchase_items VALUES(18,26,1,1375.0);
INSERT INTO purchase_items VALUES(18,50,1,1331.0);
INSERT INTO purchase_items VALUES(19,39,2,27353.7000000000007);
INSERT INTO purchase_items VALUES(19,5,1,27682.5999999999985);
INSERT INTO purchase_items VALUES(19,24,1,616.0);
INSERT INTO purchase_items VALUES(20,2,2,5137.0);
INSERT INTO purchase_items VALUES(20,3,2,1089.0);
INSERT INTO purchase_items VALUES(21,50,2,1331.0);
INSERT INTO purchase_items VALUES(21,35,1,10626.0);
INSERT INTO purchase_items VALUES(22,18,2,6282.10000000000036);
INSERT INTO purchase_items VALUES(23,34,1,869000.0);
INSERT INTO purchase_items VALUES(23,4,2,633.600000000000022);
INSERT INTO purchase_items VALUES(23,42,1,183579.0);
INSERT INTO purchase_items VALUES(24,46,1,3208.69999999999981);
INSERT INTO purchase_items VALUES(24,6,2,48389.0);
INSERT INTO purchase_items VALUES(24,8,2,1529.0);
INSERT INTO purchase_items VALUES(25,24,2,616.0);
INSERT INTO purchase_items VALUES(25,41,2,1366.20000000000004);
INSERT INTO purchase_items VALUES(26,14,2,2464.0);
INSERT INTO purchase_items VALUES(26,37,2,19676.7999999999992);
INSERT INTO purchase_items VALUES(26,30,1,5610.0);
INSERT INTO purchase_items VALUES(27,47,2,26419.7999999999992);
INSERT INTO purchase_items VALUES(28,33,1,9452.29999999999927);
INSERT INTO purchase_items VALUES(28,5,2,27682.5999999999985);
INSERT INTO purchase_items VALUES(29,37,1,19676.7999999999992);
INSERT INTO purchase_items VALUES(29,7,1,11053.8999999999996);
INSERT INTO purchase_items VALUES(29,34,2,869000.0);
INSERT INTO purchase_items VALUES(30,42,2,183579.0);
INSERT INTO purchase_items VALUES(30,32,1,2471.69999999999981);
INSERT INTO purchase_items VALUES(31,17,1,4881.80000000000018);
INSERT INTO purchase_items VALUES(32,30,2,5610.0);
INSERT INTO purchase_items VALUES(32,50,1,1331.0);
INSERT INTO purchase_items VALUES(33,37,2,19676.7999999999992);
INSERT INTO purchase_items VALUES(33,43,2,3839.0);
INSERT INTO purchase_items VALUES(34,17,2,4881.80000000000018);
INSERT INTO purchase_items VALUES(34,31,1,3298.90000000000009);
INSERT INTO purchase_items VALUES(34,18,2,6282.10000000000036);
INSERT INTO purchase_items VALUES(35,27,2,1645.5999999999999);
INSERT INTO purchase_items VALUES(36,32,1,2471.69999999999981);
INSERT INTO purchase_items VALUES(37,17,1,4881.80000000000018);
INSERT INTO purchase_items VALUES(38,30,2,5610.0);
INSERT INTO purchase_items VALUES(38,43,2,3839.0);
INSERT INTO purchase_items VALUES(38,41,1,1366.20000000000004);
INSERT INTO purchase_items VALUES(39,13,1,1560.90000000000009);
INSERT INTO purchase_items VALUES(39,19,2,32439.0);
INSERT INTO purchase_items VALUES(39,5,2,27682.5999999999985);
INSERT INTO purchase_items VALUES(40,4,2,633.600000000000022);
INSERT INTO purchase_items VALUES(41,36,1,82489.0);
INSERT INTO purchase_items VALUES(41,8,2,1529.0);
INSERT INTO purchase_items VALUES(41,42,2,183579.0);
INSERT INTO purchase_items VALUES(42,23,2,867.899999999999977);
INSERT INTO purchase_items VALUES(42,44,1,959.200000000000045);
INSERT INTO purchase_items VALUES(43,22,1,1570.79999999999995);
INSERT INTO purchase_items VALUES(43,31,2,3298.90000000000009);
INSERT INTO purchase_items VALUES(44,34,1,869000.0);
INSERT INTO purchase_items VALUES(45,21,2,197890.0);
INSERT INTO purchase_items VALUES(45,40,2,2696.0999999999999);
INSERT INTO purchase_items VALUES(45,48,2,85789.0);
INSERT INTO purchase_items VALUES(46,12,1,5121.60000000000036);
INSERT INTO purchase_items VALUES(46,2,1,5137.0);
INSERT INTO purchase_items VALUES(47,49,1,9020.0);
INSERT INTO purchase_items VALUES(47,17,1,4881.80000000000018);
INSERT INTO purchase_items VALUES(48,40,1,2696.0999999999999);
INSERT INTO purchase_items VALUES(49,40,2,2696.0999999999999);
INSERT INTO purchase_items VALUES(49,23,2,867.899999999999977);
INSERT INTO purchase_items VALUES(50,9,2,35970.0);
INSERT INTO purchase_items VALUES(50,21,1,197890.0);
DELETE FROM sqlite_sequence;
INSERT INTO sqlite_sequence VALUES('categories',3);
INSERT INTO sqlite_sequence VALUES('manufacturers',1009);
INSERT INTO sqlite_sequence VALUES('products',50);
INSERT INTO sqlite_sequence VALUES('stores',6);
INSERT INTO sqlite_sequence VALUES('customers',5);
INSERT INTO sqlite_sequence VALUES('purchases',50);
COMMIT;
